alpha,bytes,category,decoded_rgba_bytes,flags,format,height,mode,partial_alpha_pct,path,reference_status,references,sha256,transparent_pct,width,runtime_or_registry_seen,visual_review
True,1987562,BATTLE;CHARACTER,6292352,,PNG,1199,RGBA,50.511668768689354,img/battle/characters/aidan/aidan_attack.png,runtime request or runtime registry,,4f647cdcb6778b6a8000dc9676008269ae4ea4f581a130380bae21fe79cfd204,49.44898187513985,1312,True,contact sheet: no obvious baked matte at thumbnail scale
True,3346725,BATTLE;CHARACTER,6291456,bytes>2MiB,PNG,1024,RGBA,83.07685852050781,img/battle/characters/aidan/aidan_battle_entry.png,runtime request or runtime registry,,95ff435cd907addefa800114aceec35725c7764866459875a83ffdc526d5b8f1,16.923141479492188,1536,True,contact sheet: no obvious baked matte at thumbnail scale
True,2578132,BATTLE;CHARACTER,6291456,bytes>2MiB,PNG,1024,RGBA,53.521156311035156,img/battle/characters/aidan/aidan_battle_idle.png,runtime request or runtime registry,index.html:125;index.html:178,2d8a0ce7c44a0bb0df52563db3169bd718377a115d3587ba0a88b8ff74d660ec,46.478843688964844,1536,True,contact sheet: no obvious baked matte at thumbnail scale
True,2036773,BATTLE;CHARACTER,6292352,,PNG,1199,RGBA,50.863079497141925,img/battle/characters/aidan/aidan_battle_idle_alt.png,unreferenced in audited source/runtime; retained,,2d2c741a00eeb09d6b426cd9c6f2b8a26ff2bb46c5b3a8bd25c275a6a0ec8702,49.106534408755266,1312,False,contact sheet: no obvious baked matte at thumbnail scale
True,2888078,BATTLE;CHARACTER,6291456,bytes>2MiB,PNG,1024,RGBA,62.330945332845054,img/battle/characters/aidan/aidan_damage.png,runtime request or runtime registry,,b9713b24135d6c6267289d89e74040e6da3383466b4373dce9715f6e1fd21b9c,37.66905466715495,1536,True,contact sheet: no obvious baked matte at thumbnail scale
False,3114980,BATTLE;CHARACTER,6291456,bytes>2MiB,PNG,1024,RGB,0,img/battle/characters/aidan/aidan_evade.png,runtime request or runtime registry,,ab7f8089a9169e41471dc46446c6464a27b1c22be78c7f8808021a2edfed18b3,0,1536,True,white/light background visually baked; no edits
True,2874411,BATTLE;CHARACTER,6291456,bytes>2MiB,PNG,1024,RGBA,68.74434153238931,img/battle/characters/aidan/aidan_guard.png,runtime request or runtime registry,,21407dd833baa9849d81d209342a03fbab9d8e9f99f5ac39f15401c0991abe7f,31.255658467610676,1536,True,contact sheet: no obvious baked matte at thumbnail scale
False,2685487,BATTLE;CHARACTER,6291456,bytes>2MiB,PNG,1024,RGB,0,img/battle/characters/aidan/aidan_item.png,runtime request or runtime registry,,c8bb608aaa78aebcb8fff2a439ef15dc016d810e2fa1dad2ec9d8b756db33efe,0,1536,True,white/light background visually baked; no edits
True,2561542,BATTLE;CHARACTER,6291456,bytes>2MiB,PNG,1024,RGBA,50.25749206542969,img/battle/characters/aidan/aidan_ko.png,runtime request or runtime registry,,663f331f47ffc2f5d1428265596c941ae3446595d0ec40c0e33e21262b8996c7,49.74250793457031,1536,True,contact sheet: no obvious baked matte at thumbnail scale
True,3056341,BATTLE;CHARACTER,6291456,bytes>2MiB,PNG,1024,RGBA,69.73063151041666,img/battle/characters/aidan/aidan_low_hp.png,runtime request or runtime registry,,07dca96bd1e5bde4d62a88a8c54542342315e77c3f43097bd2ecdb5ea1a7e45a,30.269368489583332,1536,True,contact sheet: no obvious baked matte at thumbnail scale
False,3365927,BATTLE;CHARACTER,6291456,bytes>2MiB,PNG,1024,RGB,0,img/battle/characters/aidan/aidan_oath_awaken.png,runtime request or runtime registry,,914f48bc5e629672fc2314ac7e75f4ef038d9cddcdfc36799b4a4dce4c5cc141,0,1536,True,white/light background visually baked; no edits
True,3566114,BATTLE;CHARACTER,6291456,bytes>2MiB,PNG,1024,RGBA,99.98563130696616,img/battle/characters/aidan/aidan_reference_sheet.png,unreferenced in audited source/runtime; retained,,2265b115d22a4e6056f5957a0883c15bed41f5f3ef10568d25c478fb495eb111,0.014368693033854166,1536,False,"design reference composite, not production sprite"
True,3227516,BATTLE;CHARACTER,6291456,bytes>2MiB,PNG,1024,RGBA,80.7046890258789,img/battle/characters/aidan/aidan_skill.png,runtime request or runtime registry,,8b1e9a6ac7b3a33c37f8c0e2c3152d9cd6755230274a7c0d929aa0ead6141cb2,19.295310974121094,1536,True,contact sheet: no obvious baked matte at thumbnail scale
False,3213244,BATTLE;CHARACTER,6291456,bytes>2MiB,PNG,1024,RGB,0,img/battle/characters/aidan/aidan_skill_charge.png,runtime request or runtime registry,,b09fffe43dac41f094f2b33027f1d00eb02c6c06b746cadaba40756733420643,0,1536,True,white/light background visually baked; no edits
True,3118620,BATTLE;CUT-IN;CHARACTER,6290112,bytes>2MiB;axis>2048,PNG,724,RGBA,83.98750292522614,img/battle/characters/aidan/aidan_skill_cutin.png,runtime request or runtime registry,,f8b8a368baec51d9f13620f0dad7923496f670395c7768fc61b5b04d25ecd0d4,16.00893592991667,2172,True,contact sheet: no obvious baked matte at thumbnail scale
True,3897562,BATTLE;CHARACTER,6291456,bytes>2MiB,PNG,1024,RGBA,94.02516682942709,img/battle/characters/aidan/aidan_skill_wind_slash.png,runtime request or runtime registry,,e38b0cf98feccd30df563e7a2bbd8d73c2a75805dedc3bc0f11d070fb733707e,5.974833170572916,1536,True,contact sheet: no obvious baked matte at thumbnail scale
False,3206106,BATTLE;CHARACTER,6291456,bytes>2MiB,PNG,1024,RGB,0,img/battle/characters/aidan/aidan_skill_wind_slash_alt.png,unreferenced in audited source/runtime; retained,,1b72ec29b89b5ecca566c5e9c8daacfb138bbf05c8a1d33014d4c245607d1561,0,1536,False,white/light background visually baked; no edits
True,2366762,BATTLE;CHARACTER,6291456,bytes>2MiB,PNG,1024,RGBA,45.16099294026692,img/battle/characters/aidan/aidan_victory.png,runtime request or runtime registry,,e99f89af6d2deaf2352892275dc59e0744d57027dd9a65fd9187a0e173311488,54.83900705973307,1536,True,contact sheet: no obvious baked matte at thumbnail scale
True,3605703,BATTLE;CUT-IN;CHARACTER,6290112,bytes>2MiB;axis>2048,PNG,724,RGBA,88.83511136208703,img/battle/characters/aidan/aidan_wind_slash_cutin.png,runtime request or runtime registry,,d809a068ce7ee82a26af4fb60d93e456a38f1c6cd980be066430704f0e9ff173,11.163235249229267,2172,True,contact sheet: no obvious baked matte at thumbnail scale
True,2482412,BATTLE;CHARACTER,6291456,bytes>2MiB,PNG,1024,RGBA,54.4439951578776,img/battle/characters/aidan/idle/aidan_idle_00.png,runtime request or runtime registry,,dbbc61553e31818847435f354a88554cd0412881778e636ad99ce6721e0eabe9,45.55600484212239,1536,True,contact sheet: no obvious baked matte at thumbnail scale
True,2511427,BATTLE;CHARACTER,6291456,bytes>2MiB,PNG,1024,RGBA,54.84784444173177,img/battle/characters/aidan/idle/aidan_idle_01.png,runtime request or runtime registry,,f51f9a9ba6a2e3e5c0999870b05dfd2421da8f15bbe6fe7bceca1fd703cd131d,45.152155558268234,1536,True,contact sheet: no obvious baked matte at thumbnail scale
True,2582594,BATTLE;CHARACTER,6291456,bytes>2MiB,PNG,1024,RGBA,57.01770782470703,img/battle/characters/aidan/idle/aidan_idle_02.png,runtime request or runtime registry,,0a09eff7225af8c87bde9cd64510cf0284672cbdaf1d00e0cbd2ee7340c79627,42.98229217529297,1536,True,contact sheet: no obvious baked matte at thumbnail scale
True,2554822,BATTLE;CHARACTER,6291456,bytes>2MiB,PNG,1024,RGBA,57.36560821533203,img/battle/characters/aidan/idle/aidan_idle_03.png,runtime request or runtime registry,,4dad5fee035e45080d95f372071ac41206d375ac9ecd13c41251b8772de73ffe,42.63439178466797,1536,True,contact sheet: no obvious baked matte at thumbnail scale
True,3128324,BATTLE;CHARACTER,6291456,bytes>2MiB,PNG,1024,RGBA,73.72004191080728,img/battle/characters/fiona/fiona_attack.png,runtime request or runtime registry,,4ad6f1b41b281fcd72c17dc6489afa375c50ad096a601c00d6bb8cc54273e5c5,26.279958089192707,1536,True,contact sheet: no obvious baked matte at thumbnail scale
True,3624710,BATTLE;CHARACTER,6291456,bytes>2MiB,PNG,1024,RGBA,86.98590596516928,img/battle/characters/fiona/fiona_battle_entry.png,runtime request or runtime registry,,d96785170f91da61e69e03769af238627dc1cba5dca24fe8e2daa800ef318e4a,13.014094034830729,1536,True,contact sheet: no obvious baked matte at thumbnail scale
True,2839503,BATTLE;CHARACTER,6291456,bytes>2MiB,PNG,1024,RGBA,62.451489766438804,img/battle/characters/fiona/fiona_battle_idle.png,runtime request or runtime registry,index.html:130;index.html:178,bedf44d97f23664c949771d6993ad123e06f72d8dd1139542d2a45bf5753ac98,37.5485102335612,1536,True,contact sheet: no obvious baked matte at thumbnail scale
True,3380289,BATTLE;CHARACTER,6291456,bytes>2MiB,PNG,1024,RGBA,82.4713389078776,img/battle/characters/fiona/fiona_battle_idle_alt.png,unreferenced in audited source/runtime; retained,,d4a5451f097008e956d5887f3f9c2054ed11cf8933079fcf5cc3cb0500e92548,17.528661092122398,1536,False,contact sheet: no obvious baked matte at thumbnail scale
True,3197286,BATTLE;CHARACTER,6291456,bytes>2MiB,PNG,1024,RGBA,70.33494313557944,img/battle/characters/fiona/fiona_damage.png,runtime request or runtime registry,,3d87119fd1d76c1caa0687f7c170f4e8ccfb751b6adaf745841fa74a6573822b,29.665056864420574,1536,True,contact sheet: no obvious baked matte at thumbnail scale
True,3383791,BATTLE;CHARACTER,6291456,bytes>2MiB,PNG,1024,RGBA,80.2825927734375,img/battle/characters/fiona/fiona_evade.png,runtime request or runtime registry,,e94d9cdcca547e83ab335d47bc76cf0825cffa47b89a5ab282d928669a2b25dd,19.7174072265625,1536,True,contact sheet: no obvious baked matte at thumbnail scale
True,3385746,BATTLE;CHARACTER,6291456,bytes>2MiB,PNG,1024,RGBA,85.16756693522134,img/battle/characters/fiona/fiona_guard.png,runtime request or runtime registry,,df21c4b91d109a6b0ef769ab655faa5885395c916e31183d87ded5930f79cef8,14.832433064778646,1536,True,contact sheet: no obvious baked matte at thumbnail scale
True,2845750,BATTLE;CHARACTER,6292352,bytes>2MiB,PNG,1199,RGBA,69.15080402367828,img/battle/characters/fiona/fiona_item.png,runtime request or runtime registry,,049dc9c6d51c851d555d85b09367f878120f2a2473229decf6dc1c1010ba7db7,30.833494375394128,1312,True,contact sheet: no obvious baked matte at thumbnail scale
True,2801505,BATTLE;CHARACTER,6291456,bytes>2MiB,PNG,1024,RGBA,59.453773498535156,img/battle/characters/fiona/fiona_ko.png,runtime request or runtime registry,,2d6b1e07d644939eef6e9cef0a98842cf8a62a1d59684ed4530ee18a58a2d8e4,40.546226501464844,1536,True,contact sheet: no obvious baked matte at thumbnail scale
True,3432257,BATTLE;CHARACTER,6291456,bytes>2MiB,PNG,1024,RGBA,81.11248016357422,img/battle/characters/fiona/fiona_low_hp.png,runtime request or runtime registry,,a3efa79867b2facff65d98b029001364b4a122dea863fa3a216d874bc4b67ed5,18.88751983642578,1536,True,contact sheet: no obvious baked matte at thumbnail scale
True,3523274,BATTLE;CHARACTER,6291456,bytes>2MiB,PNG,1024,RGBA,87.39026387532553,img/battle/characters/fiona/fiona_oath_awaken.png,runtime request or runtime registry,,0e2f7657545095b2020c1a1b5c05b25010e99ee9d7aae4531f7d03e38a6b4046,12.609736124674479,1536,True,contact sheet: no obvious baked matte at thumbnail scale
True,3521585,BATTLE;CHARACTER,6291456,bytes>2MiB,PNG,1024,RGBA,87.11859385172525,img/battle/characters/fiona/fiona_skill_charge.png,runtime request or runtime registry,,09695e7fc1fdb4593149f04b3b435f1a509162c069de533363cec584c2614d92,12.88140614827474,1536,True,contact sheet: no obvious baked matte at thumbnail scale
True,3326432,BATTLE;CHARACTER,6291456,bytes>2MiB,PNG,1024,RGBA,83.70126088460287,img/battle/characters/fiona/fiona_skill_heal.png,runtime request or runtime registry,,1d3b59c6df43c021d0a821b742b91216ed96487b87fbc47a68bee7056d6b7044,16.298739115397133,1536,True,contact sheet: no obvious baked matte at thumbnail scale
True,3100422,BATTLE;CHARACTER,6291456,bytes>2MiB,PNG,1024,RGBA,71.20399475097656,img/battle/characters/fiona/fiona_skill_wind_prayer.png,runtime request or runtime registry,,bde8daff5804bb87eae3cbc5a3d604aa7e50ee996ac41a7846651d3c39c30679,28.796005249023438,1536,True,contact sheet: no obvious baked matte at thumbnail scale
True,3511739,BATTLE;CUT-IN;CHARACTER,6290112,bytes>2MiB;axis>2048,PNG,724,RGBA,90.38821566293255,img/battle/characters/fiona/fiona_skill_wind_prayer_cutin.png,runtime request or runtime registry,,56f928d7563e9f42127e828cd226ac9dcb418c33b7ab009b8fec388f9e367b13,9.611466377705199,2172,True,contact sheet: no obvious baked matte at thumbnail scale
True,3545760,BATTLE;CHARACTER,6291456,bytes>2MiB,PNG,1024,RGBA,85.76583862304688,img/battle/characters/fiona/fiona_skill_windbloom.png,runtime request or runtime registry,,b98bc3e80263fc3eff0ca797ae5f637f7674fe4dfcda255d904de396aed1b4f5,14.234161376953125,1536,True,contact sheet: no obvious baked matte at thumbnail scale
True,3470843,BATTLE;CUT-IN;CHARACTER,6290112,bytes>2MiB;axis>2048,PNG,724,RGBA,87.3975534934831,img/battle/characters/fiona/fiona_skill_windbloom_cutin.png,runtime request or runtime registry,,13f957f15be13c5362e3a7fb3da2970d7295a526d6edc1782a502905134ec7ac,12.601874179664845,2172,True,contact sheet: no obvious baked matte at thumbnail scale
True,3336668,BATTLE;CHARACTER,6292176,bytes>2MiB,PNG,1122,RGBA,78.15286794266403,img/battle/characters/fiona/fiona_victory.png,runtime request or runtime registry,,555b9a946e258cce7d2c56f02d281e7dbd44e6ffd0f436f67b5d117a49bc8da9,21.84408064872947,1402,True,contact sheet: no obvious baked matte at thumbnail scale
True,3304304,BATTLE;CHARACTER,6291456,bytes>2MiB,PNG,1024,RGBA,75.91349283854166,img/battle/characters/lou/lou_battle_entry.png,runtime request or runtime registry,,77e744751745b357c559c8808970487ca0e879e99b480d06122e174ee6aee826,24.086507161458336,1536,True,contact sheet: no obvious baked matte at thumbnail scale
True,2990126,BATTLE;CHARACTER,6292352,bytes>2MiB,PNG,1199,RGBA,73.25871152789927,img/battle/characters/lou/lou_battle_idle.png,runtime request or runtime registry,index.html:178,310b326c539b7bc87f8080ac9f124c7c204fbd5989b08d63ba421cd2e8a4e3a5,26.72800250208507,1312,True,contact sheet: no obvious baked matte at thumbnail scale
True,2603268,BATTLE;CHARACTER,6292352,bytes>2MiB,PNG,1199,RGBA,65.97329583596087,img/battle/characters/lou/lou_damage.png,runtime request or runtime registry,,bb120bb8da8a84fab65489f4e38b5dbf2134cd6d04c2f3ae6675876b6c2a1d12,34.01017616306272,1312,True,contact sheet: no obvious baked matte at thumbnail scale
True,2736720,BATTLE;CHARACTER,6292352,bytes>2MiB,PNG,1199,RGBA,71.41189812648751,img/battle/characters/lou/lou_evade.png,runtime request or runtime registry,,b824122fc87b3fe9a5d71d0f427e53c5aaf737c4864283a64397ebfb49bbf9a4,28.58447842714457,1312,True,contact sheet: no obvious baked matte at thumbnail scale
True,2080503,BATTLE;CHARACTER,6292352,,PNG,1199,RGBA,51.70530828535975,img/battle/characters/lou/lou_ko.png,runtime request or runtime registry,,5f9217d32a2a741d30b575fecc16a0f57837ad6375a8038d0bfe723a50ef7ef0,48.277083036676906,1312,True,contact sheet: no obvious baked matte at thumbnail scale
True,2761568,BATTLE;CHARACTER,6292352,bytes>2MiB,PNG,1199,RGBA,69.03447232449805,img/battle/characters/lou/lou_low_hp.png,runtime request or runtime registry,,4657a2c9c4c6fdc2aa4ec8faaef48ed381664b9a0d3ffb3c2b79392ccd77f7fd,30.940036412457534,1312,True,contact sheet: no obvious baked matte at thumbnail scale
True,3128664,BATTLE;CUT-IN;CHARACTER,6290112,bytes>2MiB;axis>2048,PNG,724,RGBA,89.58784835627728,img/battle/characters/lou/lou_skill_cutin.png,runtime request or runtime registry,,bc5a6304965afd73fb227141074d52a05fcbced3339c3237c75e71ed717e063c,10.41215164372272,2172,True,contact sheet: no obvious baked matte at thumbnail scale
True,2714178,BATTLE;CHARACTER,6292352,bytes>2MiB,PNG,1199,RGBA,69.81065267804472,img/battle/characters/lou/lou_skill_heal.png,unreferenced in audited source/runtime; retained,,a0445dde2f70eb5904d8d24dc0fb243cf32e575c614506e79edce6744497461d,30.1870588295124,1312,False,contact sheet: no obvious baked matte at thumbnail scale
True,3004316,BATTLE;CHARACTER,6292352,bytes>2MiB,PNG,1199,RGBA,83.1406761732338,img/battle/characters/lou/lou_skill_rune.png,runtime request or runtime registry,,9bcc20831b9246aa18c836f20f95fa236c647cab5a7bccbc2383a726c9eb332c,16.85919668829716,1312,True,contact sheet: no obvious baked matte at thumbnail scale
True,2874736,BATTLE;CHARACTER,6292352,bytes>2MiB,PNG,1199,RGBA,75.97508848837445,img/battle/characters/lou/lou_support.png,runtime request or runtime registry,,23cb6788bf816af98a08099c8403f216dddc865aeb5f0de26153b446f6e097c1,24.02459366545292,1312,True,contact sheet: no obvious baked matte at thumbnail scale
True,3303283,BATTLE;CHARACTER,6291456,bytes>2MiB,PNG,1024,RGBA,81.55301411946616,img/battle/characters/lou/lou_support_blessing.png,runtime request or runtime registry,,e04ff7cbb0066896e35f5ca8d690c1290de8e4979b33be3c9020a8596d6b9529,18.446985880533852,1536,True,contact sheet: no obvious baked matte at thumbnail scale
True,3220683,BATTLE;CHARACTER,6291456,bytes>2MiB,PNG,1024,RGBA,81.43450419108072,img/battle/characters/lou/lou_support_charge.png,runtime request or runtime registry,,65fe4232b4608dcbc413d2e2b8094a611d92419edbb13d5fe294f0301414d6bb,18.565495808919273,1536,True,contact sheet: no obvious baked matte at thumbnail scale
True,3200215,BATTLE;CHARACTER,6291456,bytes>2MiB,PNG,1024,RGBA,82.90888468424478,img/battle/characters/lou/lou_support_heal.png,runtime request or runtime registry,,3d4e367e6ce5bae1d4c0e170b6128e014f405151d2a3381fe3bf590e777a5d73,17.09111531575521,1536,True,contact sheet: no obvious baked matte at thumbnail scale
True,2813905,BATTLE;CHARACTER,6292352,bytes>2MiB,PNG,1199,RGBA,75.4999720295368,img/battle/characters/lou/lou_victory.png,runtime request or runtime registry,,a5accb0b210659e8047f4fae4a52a0875453dc19fc437c05d175e4d385c16bdb,24.49138255456783,1312,True,contact sheet: no obvious baked matte at thumbnail scale
True,2315667,BATTLE;ENEMY,6291456,bytes>2MiB,PNG,1024,RGBA,40.84733327229817,img/battle/enemies/forest_bat/idle/forest_bat_idle_00.png,unreferenced in audited source/runtime; retained,,7f4f1848c8ef0e20c1e18f70048d4646726918339b7941fd82e6d5fb77928a95,59.15266672770182,1536,False,contact sheet: no obvious baked matte at thumbnail scale
True,2340905,BATTLE;ENEMY,6291456,bytes>2MiB,PNG,1024,RGBA,43.689537048339844,img/battle/enemies/forest_bat/idle/forest_bat_idle_01.png,unreferenced in audited source/runtime; retained,,0624b54b0aefbb874247b195e8287a5b2f3a2c4e17d6c65c674f80582d2c0261,56.310462951660156,1536,False,contact sheet: no obvious baked matte at thumbnail scale
True,2369000,BATTLE;ENEMY,6291456,bytes>2MiB,PNG,1024,RGBA,41.52151743570964,img/battle/enemies/forest_bat/idle/forest_bat_idle_02.png,unreferenced in audited source/runtime; retained,,857b8dcbd9ecf6ea3c3f59bd07d38486f253cc755dc7cae7c351e3ce6593de35,58.47848256429037,1536,False,contact sheet: no obvious baked matte at thumbnail scale
True,2389174,BATTLE;ENEMY,6291456,bytes>2MiB,PNG,1024,RGBA,42.763010660807296,img/battle/enemies/forest_bat/idle/forest_bat_idle_03.png,unreferenced in audited source/runtime; retained,,94f2ac4b60efdce70625fcf31273a4f2d68472c84f6a56badf4bc7093a0d9261,57.23698933919271,1536,False,contact sheet: no obvious baked matte at thumbnail scale
True,2151649,BATTLE;ENEMY,6292352,bytes>2MiB,PNG,1199,RGBA,55.1533671352143,img/battle/enemies/goblin/goblin_attack.png,runtime request or runtime registry,,f990d8b4b53ce53492df82465d23fa96cfdfb27f2f65d23cdcc5cd35ffa6373b,44.844217233873756,1312,True,contact sheet: no obvious baked matte at thumbnail scale
True,1698001,BATTLE;ENEMY,6292352,,PNG,1199,RGBA,46.21019294534063,img/battle/enemies/goblin/goblin_battle_idle.png,runtime request or runtime registry,,c4702d8292505d7e84b307cdf9096d16d0a9690c796060a129eea9d15c3cec01,53.73240403588356,1312,True,contact sheet: no obvious baked matte at thumbnail scale
True,2306232,BATTLE;ENEMY,6292352,bytes>2MiB,PNG,1199,RGBA,60.0867211497386,img/battle/enemies/goblin/goblin_call.png,runtime request or runtime registry,,9801ac1f3a6234f356b4fe1dd8ead649eb3e9c01f62b5422bdf407de496da818,39.911181065522086,1312,True,contact sheet: no obvious baked matte at thumbnail scale
True,1999126,BATTLE;ENEMY,6292352,,PNG,1199,RGBA,49.90140411725218,img/battle/enemies/goblin/goblin_damage.png,runtime request or runtime registry,,1039383fbb712565c1bf77f592a74d9dabd815668a1c04f0d920f8b7dcf6c899,50.09586240566326,1312,True,contact sheet: no obvious baked matte at thumbnail scale
True,1740500,BATTLE;ENEMY,6292352,,PNG,1199,RGBA,43.202478183038714,img/battle/enemies/goblin/goblin_ko.png,runtime request or runtime registry,,607404094db68145295c8ddb77fd54e1858e75470907a1428e292832d9db7017,56.79218200126122,1312,True,contact sheet: no obvious baked matte at thumbnail scale
True,3513983,BATTLE;ENEMY,6292352,bytes>2MiB,PNG,1199,RGBA,83.73206076201713,img/battle/enemies/goblin_raider/goblin_attack.png,runtime request or runtime registry,,509a86cdd029f3f44f062704fc9eb0a90d0875af19b3c3a8fc0b7c63b299fbcf,16.267812099513822,1312,True,contact sheet: no obvious baked matte at thumbnail scale
True,3430906,BATTLE;ENEMY,6292352,bytes>2MiB,PNG,1199,RGBA,76.56914298500783,img/battle/enemies/goblin_raider/goblin_raider_battle_idle.png,runtime request or runtime registry,index.html:178,d1073d07041e977da566c592083d93d9a161332b10140e0af0714cafd3dab248,23.395385382127383,1312,True,contact sheet: no obvious baked matte at thumbnail scale
True,3729634,BATTLE;ENEMY,6292352,bytes>2MiB,PNG,1199,RGBA,86.93041965865864,img/battle/enemies/goblin_raider/goblin_raider_call.png,runtime request or runtime registry,,da056da39c7b4d7c6ff5e964ab0d41ad4a87359c7d064d6dcfd8170722cf4a33,13.06837252588539,1312,True,contact sheet: no obvious baked matte at thumbnail scale
True,3837074,BATTLE;ENEMY,6292352,bytes>2MiB,PNG,1199,RGBA,90.00475497874245,img/battle/enemies/goblin_raider/goblin_raider_enrage.png,runtime request or runtime registry,,de02f24f0f98e88393ba1cbfa3fcd59c2a56c72097a848ec3775a1116854cb14,9.995181452023028,1312,True,contact sheet: no obvious baked matte at thumbnail scale
True,3527207,BATTLE;ENEMY,6292352,bytes>2MiB,PNG,1199,RGBA,81.6578602087105,img/battle/enemies/goblin_raider/goblin_raider_ko.png,runtime request or runtime registry,,b614aded27f280ddfe9d770c78e5d357ccbbbc52d18e2e9c9ddde9093341faa5,18.340995545068044,1312,True,contact sheet: no obvious baked matte at thumbnail scale
True,3024251,BATTLE;ENEMY,6292352,bytes>2MiB,PNG,1199,RGBA,72.36041467483065,img/battle/enemies/tainted_goblin/goblin_attack.png,runtime request or runtime registry,,48adf4b2e02bb181958e50b96e07e51ac3189ffdb0388cfb0ba5661e3bf34cda,27.617781077727376,1312,True,contact sheet: no obvious baked matte at thumbnail scale
True,3138508,BATTLE;ENEMY,6292352,bytes>2MiB,PNG,1199,RGBA,78.13078480034174,img/battle/enemies/tainted_goblin/goblin_battle_idle.png,runtime request or runtime registry,index.html:135;css/style.css:2612,b182d102485a717c8972ce874cc6346f57c6e9ccc840b6ee400cbeb302690b48,21.86648172257369,1312,True,contact sheet: no obvious baked matte at thumbnail scale
True,3353689,BATTLE;ENEMY,6292352,bytes>2MiB,PNG,1199,RGBA,87.35913057629325,img/battle/enemies/tainted_goblin/goblin_corruption_burst.png,runtime request or runtime registry,,68840ee3a12d5be9a5f69e5c083b0813064d5dd55771e96648bf33aa52dd5fba,12.640869423706746,1312,True,contact sheet: no obvious baked matte at thumbnail scale
True,2648807,BATTLE;ENEMY,6292352,bytes>2MiB,PNG,1199,RGBA,68.77129569356578,img/battle/enemies/tainted_goblin/goblin_damage.png,runtime request or runtime registry,,b27345dc09f3c555515366576ccb2649f91c74ff64d15034c2c3f2d1501a231c,31.228704306434224,1312,True,contact sheet: no obvious baked matte at thumbnail scale
True,2542765,BATTLE;ENEMY,6292352,bytes>2MiB,PNG,1199,RGBA,59.450265973677254,img/battle/enemies/tainted_goblin/goblin_ko.png,runtime request or runtime registry,,0ba97bd640031707d11622e98fab234c1e6a8453492fcced54c5a5c64a21c1cf,40.547954087756054,1312,True,contact sheet: no obvious baked matte at thumbnail scale
True,1430235,FIELD;CHARACTER,6291456,,PNG,1024,RGBA,17.04756418863932,img/field/characters/aidan/aidan_idle_down.png,runtime request or runtime registry,js/field/aidan-field-assets.js:7,debd22a187ed3517ea1c76c80c2a80fe2d522a3b7c8aa826a5c39513c77bda78,82.95243581136069,1536,True,contact sheet: no obvious baked matte at thumbnail scale
True,1530235,FIELD;CHARACTER,6291456,,PNG,1024,RGBA,19.02662913004557,img/field/characters/aidan/aidan_idle_left.png,runtime request or runtime registry,js/field/aidan-field-assets.js:23,60726bbb3bc0ce7e838bc1e8a372594c62e171aefd173eade97340687d31dcc1,80.97337086995444,1536,True,contact sheet: no obvious baked matte at thumbnail scale
True,1564101,FIELD;CHARACTER,6291456,,PNG,1024,RGBA,19.348017374674477,img/field/characters/aidan/aidan_idle_right.png,runtime request or runtime registry,js/field/aidan-field-assets.js:39,3536530181cbc0e525934a6f538fbad744cab816e3e6d7475d72d52058e9ca70,80.65198262532553,1536,True,contact sheet: no obvious baked matte at thumbnail scale
True,1512840,FIELD;CHARACTER,6291456,,PNG,1024,RGBA,18.026606241861977,img/field/characters/aidan/aidan_idle_up.png,runtime request or runtime registry,js/field/aidan-field-assets.js:55,a5ceb416416c23410a8382fbcd111983508df5009b5c5a39bde3f6d95605126b,81.97339375813803,1536,True,contact sheet: no obvious baked matte at thumbnail scale
True,1400617,FIELD;CHARACTER,6291456,,PNG,1024,RGBA,16.49125417073568,img/field/characters/aidan/aidan_walk_down_01.png,runtime request or runtime registry,js/field/aidan-field-assets.js:71,9d9175486d251b980a9bd19e9eacfa51d1bbb62bd473c50f3233df7c1bac0dca,83.50874582926431,1536,True,contact sheet: no obvious baked matte at thumbnail scale
True,1422834,FIELD;CHARACTER,6291456,,PNG,1024,RGBA,16.672261555989586,img/field/characters/aidan/aidan_walk_down_02.png,runtime request or runtime registry,js/field/aidan-field-assets.js:87,e57f204249f9ae6d129f913077b65a5aa79b017010ec63a12f76e83f2f8283dd,83.32773844401041,1536,True,contact sheet: no obvious baked matte at thumbnail scale
True,1501115,FIELD;CHARACTER,6291456,,PNG,1024,RGBA,18.59175364176432,img/field/characters/aidan/aidan_walk_down_03.png,runtime request or runtime registry,js/field/aidan-field-assets.js:103,e4362f5d741af1ec0a9019e06b6cde451fe74773c3eab00740248e8585942798,81.40824635823569,1536,True,contact sheet: no obvious baked matte at thumbnail scale
True,1410523,FIELD;CHARACTER,6291456,,PNG,1024,RGBA,16.770235697428383,img/field/characters/aidan/aidan_walk_down_04.png,runtime request or runtime registry,js/field/aidan-field-assets.js:119,a9ef48fa8b81214b09a71c5903caa77e9cc45035559b330cb3f8ec10e73c6fbe,83.22976430257162,1536,True,contact sheet: no obvious baked matte at thumbnail scale
True,1568269,FIELD;CHARACTER,6291456,,PNG,1024,RGBA,20.015017191569008,img/field/characters/aidan/aidan_walk_left_01.png,runtime request or runtime registry,js/field/aidan-field-assets.js:135,fed31c926fa5a9d02de83009be7875b853d5232cba6f1e67f2aa025a61615e84,79.984982808431,1536,True,contact sheet: no obvious baked matte at thumbnail scale
True,1523912,FIELD;CHARACTER,6291456,,PNG,1024,RGBA,18.499883015950523,img/field/characters/aidan/aidan_walk_left_02.png,runtime request or runtime registry,js/field/aidan-field-assets.js:151,33f0d2ec0365708c3edfc86efee542ce8826e299d7b97abf849b0a7db250d88a,81.50011698404947,1536,True,contact sheet: no obvious baked matte at thumbnail scale
True,1607111,FIELD;CHARACTER,6291456,,PNG,1024,RGBA,20.58518727620443,img/field/characters/aidan/aidan_walk_left_03.png,runtime request or runtime registry,js/field/aidan-field-assets.js:167,eb72a11aaea788701129bd1cc9081375cfde2dc458d67048dbb307f6a28efa74,79.41481272379556,1536,True,contact sheet: no obvious baked matte at thumbnail scale
True,1495264,FIELD;CHARACTER,6291456,,PNG,1024,RGBA,18.718655904134117,img/field/characters/aidan/aidan_walk_left_04.png,runtime request or runtime registry,js/field/aidan-field-assets.js:183,928c01ee79ea5d2c846bace6a7d51494e4cff385090f8790d044e0f9e916aba5,81.28134409586588,1536,True,contact sheet: no obvious baked matte at thumbnail scale
True,1570566,FIELD;CHARACTER,6291456,,PNG,1024,RGBA,19.413185119628906,img/field/characters/aidan/aidan_walk_right_01.png,runtime request or runtime registry,js/field/aidan-field-assets.js:199,dc92c46bb6d5bfa02d1e2eea658251f26fdff51e2b208154777f60032e3cf7e1,80.5868148803711,1536,True,contact sheet: no obvious baked matte at thumbnail scale
True,1501519,FIELD;CHARACTER,6291456,,PNG,1024,RGBA,18.041865030924477,img/field/characters/aidan/aidan_walk_right_02.png,runtime request or runtime registry,js/field/aidan-field-assets.js:215,9185b9741834f9f23938b78ae98bd2b5bb93b6717d2188ff65755b6f50f364fb,81.95813496907553,1536,True,contact sheet: no obvious baked matte at thumbnail scale
True,1552694,FIELD;CHARACTER,6291456,,PNG,1024,RGBA,19.675636291503906,img/field/characters/aidan/aidan_walk_right_03.png,runtime request or runtime registry,js/field/aidan-field-assets.js:231,a2e71eac495a253183ccc1cfab712d5995027edf2df6d4633451a4cdc2595519,80.3243637084961,1536,True,contact sheet: no obvious baked matte at thumbnail scale
True,1470044,FIELD;CHARACTER,6291456,,PNG,1024,RGBA,18.23552449544271,img/field/characters/aidan/aidan_walk_right_04.png,runtime request or runtime registry,js/field/aidan-field-assets.js:247,edf76f305e6750a320ed7d94ab368d566de069a5f1b18e757a52bd290671899d,81.76447550455728,1536,True,contact sheet: no obvious baked matte at thumbnail scale
True,1462404,FIELD;CHARACTER,6291456,,PNG,1024,RGBA,17.447789510091148,img/field/characters/aidan/aidan_walk_up_01.png,runtime request or runtime registry,js/field/aidan-field-assets.js:263,2fecb0662fcbfa89d19ce16705999101fb5023b508521fcf6dbaf8fe0a9cdd93,82.55221048990884,1536,True,contact sheet: no obvious baked matte at thumbnail scale
True,1558887,FIELD;CHARACTER,6291456,,PNG,1024,RGBA,20.231755574544273,img/field/characters/aidan/aidan_walk_up_02.png,runtime request or runtime registry,js/field/aidan-field-assets.js:279,2f92bca61d2bfd1b49ba6376d1fe7e85d01eea4e0bc82babf0668d4b58177440,79.76824442545572,1536,True,contact sheet: no obvious baked matte at thumbnail scale
True,1468307,FIELD;CHARACTER,6291456,,PNG,1024,RGBA,17.95609792073568,img/field/characters/aidan/aidan_walk_up_03.png,runtime request or runtime registry,js/field/aidan-field-assets.js:295,2b768f7bc345235ea1dfba0158a447e0503f1aa4dc820f936aeff4bc91a3e2af,82.04390207926431,1536,True,contact sheet: no obvious baked matte at thumbnail scale
True,1527372,FIELD;CHARACTER,6291456,,PNG,1024,RGBA,18.91892751057943,img/field/characters/aidan/aidan_walk_up_04.png,runtime request or runtime registry,js/field/aidan-field-assets.js:311,6103d4cd2b844f4514589066a227b8b44e075dd917fdac66fda24c627b7f5681,81.08107248942056,1536,True,contact sheet: no obvious baked matte at thumbnail scale
True,1191140,FIELD,6291456,,PNG,1024,RGBA,23.781458536783852,img/field/lind/animals/chicken_idle.png,runtime request or runtime registry,,d45670de6fb5b2bd628483dc8f091edf586f4339ecdaa80ab865be27fd155c6a,76.21854146321616,1536,True,contact sheet: no obvious baked matte at thumbnail scale
True,1161329,FIELD,6291456,,PNG,1024,RGBA,23.79633585611979,img/field/lind/animals/chicken_walk.png,runtime request or runtime registry,,fcb40bdcd2e79ee5f16fb54f943e3c696ded26884cc9f52eab71051fe024e0a8,76.20360056559244,1536,True,contact sheet: no obvious baked matte at thumbnail scale
True,1316626,FIELD,6291456,,PNG,1024,RGBA,28.086407979329426,img/field/lind/animals/cow_idle.png,runtime request or runtime registry,,04ce0c361b8fa79f8ffdbbcb718c08bf25181ec736bece55b00f36c09b77082e,71.91359202067056,1536,True,contact sheet: no obvious baked matte at thumbnail scale
True,1430646,FIELD,6291456,,PNG,1024,RGBA,36.36716206868489,img/field/lind/animals/cow_walk.png,runtime request or runtime registry,,7f1e79feaa13a8670f7ba3d4ce8b0047985408b45c8fa0d33789cb795f09e678,63.6328379313151,1536,True,contact sheet: no obvious baked matte at thumbnail scale
True,1169662,FIELD,6291456,,PNG,1024,RGBA,27.399126688639324,img/field/lind/animals/pig_idle.png,runtime request or runtime registry,,ad291c4dc9060b710bbfff31e8d4fe5395af987f977907d86ad103430b2a1bc7,72.60087331136069,1536,True,contact sheet: no obvious baked matte at thumbnail scale
True,1226025,FIELD,6291456,,PNG,1024,RGBA,33.930397033691406,img/field/lind/animals/pig_walk.png,runtime request or runtime registry,,9e1dfa647085436a354de668ff83a7ed681ebe5ae017cc30bd0d3838679d6b4c,66.0696029663086,1536,True,contact sheet: no obvious baked matte at thumbnail scale
True,2279631,FIELD;BUILDING,6291456,bytes>2MiB,PNG,1024,RGBA,44.914499918619796,img/field/lind/buildings/lind_aidan_house.png,runtime request or runtime registry,,8270267535d190408a2449b09e841b511fa84bce70bad76b5eb9434c547ce040,55.08550008138021,1536,True,contact sheet: no obvious baked matte at thumbnail scale
True,2479360,FIELD;BUILDING,6291456,bytes>2MiB,PNG,1024,RGBA,55.81245422363281,img/field/lind/buildings/lind_barn.png,runtime request or runtime registry,,872549889c9a685e79ca4f52de42f61607f30ec5a0a901ed4c20fa9d4b4f539f,44.18754577636719,1536,True,contact sheet: no obvious baked matte at thumbnail scale
True,1923569,FIELD;BUILDING,6291608,,PNG,1154,RGBA,54.501806215517554,img/field/lind/buildings/lind_elder_house.png,runtime request or runtime registry,,c626c03c62454d09b9a0a73749d2bef7b11761424d9dccfee068e03705d7ea70,45.48522412712298,1363,True,contact sheet: no obvious baked matte at thumbnail scale
True,2369819,FIELD;BUILDING,6291456,bytes>2MiB,PNG,1024,RGBA,49.45901234944661,img/field/lind/buildings/lind_house_01.png,runtime request or runtime registry,,3192b16ae55015e7eda1a1516a2547f34d63d588509c927e63044fcddeb82721,50.54098765055338,1536,True,contact sheet: no obvious baked matte at thumbnail scale
True,2028391,FIELD;BUILDING,6291456,,PNG,1024,RGBA,38.03151448567708,img/field/lind/buildings/lind_house_02.png,runtime request or runtime registry,,fc0b930279d0de7ca3aa84f5e07bd03d0d690ed9378790ce93b13967496020c2,61.968485514322914,1536,True,contact sheet: no obvious baked matte at thumbnail scale
True,2168627,FIELD;BUILDING,6291456,bytes>2MiB,PNG,1024,RGBA,43.35568745930989,img/field/lind/buildings/lind_house_03.png,runtime request or runtime registry,,4a145e4c739bc2988e8347832ea2c2ba9920064918c51025a2a1b2cf317d5fe5,56.6443125406901,1536,True,contact sheet: no obvious baked matte at thumbnail scale
True,2224686,FIELD;BUILDING,6291456,bytes>2MiB,PNG,1024,RGBA,44.008127848307296,img/field/lind/buildings/lind_house_04.png,runtime request or runtime registry,,0836d1a9dce132ceec03c174adc2749408cb0143f508085263987504ba9058bd,55.99187215169271,1536,True,contact sheet: no obvious baked matte at thumbnail scale
True,2551053,FIELD;BUILDING,6292352,bytes>2MiB,PNG,1199,RGBA,67.41269401330376,img/field/lind/buildings/lind_inn.png,runtime request or runtime registry,,0bd267d4a6b2e5342f97ebe3665f6ae87e524a773085886368ff37b9c1de1bb2,32.582284017168774,1312,True,contact sheet: no obvious baked matte at thumbnail scale
True,2264230,FIELD;BUILDING,6291456,bytes>2MiB,PNG,1024,RGBA,45.70140838623047,img/field/lind/buildings/lind_item_shop.png,runtime request or runtime registry,,aaa052e7653bab21181f29c3b1051a3c24228d26072df698d7decdccb905ca62,54.29859161376953,1536,True,contact sheet: no obvious baked matte at thumbnail scale
True,1770248,FIELD;BUILDING,6291456,,PNG,1024,RGBA,38.08682759602864,img/field/lind/buildings/lind_storage.png,runtime request or runtime registry,,268f943dd42476560b54edba0714dd497be1c835338fb24d5d4d42d66b62a6fc,61.91317240397135,1536,True,contact sheet: no obvious baked matte at thumbnail scale
True,1289895,FIELD;EFFECT,6291456,,PNG,1024,RGBA,21.153132120768227,img/field/lind/environment/birds/lind_bird_flying.png,runtime request or runtime registry,js/field/lind-birds.js:7,3cc52b206a7ee33098105395fca6a2728f03b83126c4cece15d3c4ddd65ca883,78.84686787923178,1536,True,contact sheet: no obvious baked matte at thumbnail scale
True,892264,FIELD;EFFECT,6291456,,PNG,1024,RGBA,11.509005228678387,img/field/lind/environment/birds/lind_bird_perched.png,runtime request or runtime registry,js/field/lind-birds.js:6,43194412989563d41ef606a10a3d10bfbd5e9070134751a41356253d634028fb,88.49099477132162,1536,True,contact sheet: no obvious baked matte at thumbnail scale
True,1716317,FIELD,6291456,,PNG,1024,RGBA,31.30779266357422,img/field/lind/farm/lind_cart.png,runtime request or runtime registry,,10b019babb5c0c79a576ba28c95bcf078b08df4c0f07549900aedf178ec09c2a,68.69220733642578,1536,True,contact sheet: no obvious baked matte at thumbnail scale
True,2029178,FIELD,6291456,,PNG,1024,RGBA,46.793365478515625,img/field/lind/farm/lind_chicken_coop.png,runtime request or runtime registry,,c3db1243ea0374fe2f24d0ccead2ec322d646bfae5c74f43ad73f381d4b98380,53.206634521484375,1536,True,contact sheet: no obvious baked matte at thumbnail scale
True,2227923,FIELD,6291456,bytes>2MiB,PNG,1024,RGBA,48.32051595052083,img/field/lind/farm/lind_cowshed.png,runtime request or runtime registry,,e1bc63ab71ec914d5fd85bbc16ae83c7846079a1990228417ce637e3565b9d63,51.679484049479164,1536,True,contact sheet: no obvious baked matte at thumbnail scale
True,997954,FIELD,6296220,,PNG,1197,RGBA,34.928957374424655,img/field/lind/farm/lind_farm_tools.png,runtime request or runtime registry,,388672dc3253fae70cb3d797990ba08b971fc5ab7520d2bb5d89fcf9406612fa,65.01704197121447,1315,True,contact sheet: no obvious baked matte at thumbnail scale
True,1530113,FIELD,6291456,,PNG,1024,RGBA,24.00798797607422,img/field/lind/farm/lind_field_flower.png,runtime request or runtime registry,,60ee259e30bd3ee680b4ab783358f5c8291a27b2b1bc3c13712778dd14b51217,75.99201202392578,1536,True,contact sheet: no obvious baked matte at thumbnail scale
True,1832942,FIELD,6291456,,PNG,1024,RGBA,39.92958068847656,img/field/lind/farm/lind_field_vegetables.png,runtime request or runtime registry,,d3c006540875cdab075d00665331302d99618b73d534ad782527d534b12f7149,60.07041931152344,1536,True,contact sheet: no obvious baked matte at thumbnail scale
True,1740693,FIELD,6291456,,PNG,1024,RGBA,34.802818298339844,img/field/lind/farm/lind_field_wheat.png,runtime request or runtime registry,,a32ca79f0f8f97f66879f28686efb0ba36dea62788237a3ab070d3148bc1996d,65.19718170166016,1536,True,contact sheet: no obvious baked matte at thumbnail scale
True,1577161,FIELD,6291456,,PNG,1024,RGBA,31.549835205078125,img/field/lind/farm/lind_hay_bale.png,runtime request or runtime registry,,742e40e6282d1017536414dfcc043afa04815b9e7811013c528e71f371efc8b5,68.45016479492188,1536,True,contact sheet: no obvious baked matte at thumbnail scale
True,1291103,FIELD,6290496,,PNG,1206,RGBA,44.35688378150149,img/field/lind/farm/lind_haystack.png,runtime request or runtime registry,,1f84ff159e16629696a212cc9895a7016860177957e1c7239ff7f2e3a1847e25,55.61564620659484,1304,True,contact sheet: no obvious baked matte at thumbnail scale
True,2185631,FIELD,6291456,bytes>2MiB,PNG,1024,RGBA,50.01354217529297,img/field/lind/farm/lind_orchard_apple.png,runtime request or runtime registry,,05307bdff12921f9f2207fbf928e981643996b6728576eb801752877359199c5,49.98645782470703,1536,True,contact sheet: no obvious baked matte at thumbnail scale
True,2366645,FIELD,6291456,bytes>2MiB,PNG,1024,RGBA,57.730674743652344,img/field/lind/farm/lind_pigsty.png,runtime request or runtime registry,,3df0ae502b3004395d741d4e7aadd2147c674618f6f0383c8734e3db4a0612c5,42.269325256347656,1536,True,contact sheet: no obvious baked matte at thumbnail scale
True,1291122,FIELD;LANDMARK,6292352,,PNG,1199,RGBA,32.53365355275738,img/field/lind/landmarks/lind_wind_stone.png,runtime request or runtime registry,,d3b0a9e261901643f60c7893e5f23db94bbbf44cf7797cb13909c06bd93a495a,67.46405795479973,1312,True,contact sheet: no obvious baked matte at thumbnail scale
True,1396122,FIELD;LANDMARK,6292352,,PNG,1199,RGBA,37.86762088325637,img/field/lind/landmarks/lind_wind_stone_glow.png,runtime request or runtime registry,,63790ee955d84d55877a2f40865a09fff8556f7b220b02ba2086ed7e7d85013a,62.129772778128114,1312,True,contact sheet: no obvious baked matte at thumbnail scale
True,1178349,FIELD;LANDMARK,6292352,,PNG,1199,RGBA,32.846477755853456,img/field/lind/landmarks/lind_wind_stone_off.png,runtime request or runtime registry,,068ef8342fe8071e6e1ebbed93859ad4faeab51ead346efb79aff9cd5b1ea840,67.14608464370716,1312,True,contact sheet: no obvious baked matte at thumbnail scale
True,1330104,FIELD,6291456,,PNG,1024,RGBA,27.545738220214844,img/field/lind/nature/lind_bush.png,runtime request or runtime registry,,3637ebfa6ff8d34ff0b83227549d240dda32f6679bad5636a3b29815e877e43d,72.45426177978516,1536,True,contact sheet: no obvious baked matte at thumbnail scale
True,1632672,FIELD,6291456,,PNG,1024,RGBA,33.67347717285156,img/field/lind/nature/lind_flower_patch.png,runtime request or runtime registry,,62f0853f72f5b81c9575303ac6cd8d5c4a801ec02603ced86561066011caf399,66.32652282714844,1536,True,contact sheet: no obvious baked matte at thumbnail scale
True,1482217,FIELD,6291456,,PNG,1024,RGBA,27.21099853515625,img/field/lind/nature/lind_grass_tuft.png,runtime request or runtime registry,,b6e049ef72ba14ba2efee7385bd4de931a270aaab8ca60f2cd89ddbcc8f8ee60,72.78900146484375,1536,True,contact sheet: no obvious baked matte at thumbnail scale
True,1390067,FIELD,6291456,,PNG,1024,RGBA,36.27103169759114,img/field/lind/nature/lind_rock_large.png,runtime request or runtime registry,,c66cd009302aee8987321801bdad6d30a2e6185d36b8c51149d248927de39c61,63.72896830240885,1536,True,contact sheet: no obvious baked matte at thumbnail scale
True,802309,FIELD,6291456,,PNG,1024,RGBA,8.694012959798176,img/field/lind/nature/lind_rock_small.png,runtime request or runtime registry,,8404551262c5836b3a8b520181668b21c2b126a85b9d1695f278ab16a50c41d0,91.30598704020181,1536,True,contact sheet: no obvious baked matte at thumbnail scale
True,1642094,FIELD,6291456,,PNG,1024,RGBA,34.03504689534505,img/field/lind/nature/lind_stump.png,runtime request or runtime registry,,4f159a108290a166f48a113932f6c50c8bdf14fd5f3917b8faa6a47c38bd320b,65.96495310465494,1536,True,contact sheet: no obvious baked matte at thumbnail scale
True,1874692,FIELD,6291456,,PNG,1024,RGBA,37.9574457804362,img/field/lind/nature/lind_tree_01.png,runtime request or runtime registry,,8e896e042db01960e0d28625790c025d4226d3976e00f12e01163a766139fb61,62.042554219563804,1536,True,contact sheet: no obvious baked matte at thumbnail scale
True,1303820,FIELD;NPC,6288240,,PNG,1330,RGBA,32.768087732020405,img/field/lind/npc/emma/emma_idle.png,runtime request or runtime registry,js/field/lind-emma.js:6,b34d070476c24285ede15492596dc212c9782c58aa049114112ad61ea2cbbd2c,67.20850349223312,1182,True,contact sheet: no obvious baked matte at thumbnail scale
True,90607,FIELD;NPC,361800,,PNG,270,RGBA,40.223327805417355,img/field/lind/npc/fisherman/fisherman_bite_01.png,runtime request or runtime registry,js/field/lind-fisherman-assets.js:31,085db794336ac6c50447738ecba530e30c2c93c204367d9b63c53db2d8beb4e9,59.71475953565506,335,True,contact sheet: no obvious baked matte at thumbnail scale
True,89798,FIELD;NPC,270000,,PNG,270,RGBA,54.794074074074075,img/field/lind/npc/fisherman/fisherman_catch_01.png,runtime request or runtime registry,js/field/lind-fisherman-assets.js:58,ee68b1186cbfa4d770d803520d8cec2ba16890f5957b81a5f37bb3ddb9dbe0e1,45.065185185185186,250,True,contact sheet: no obvious baked matte at thumbnail scale
True,73754,FIELD;NPC,300800,,PNG,235,RGBA,39.15558510638298,img/field/lind/npc/fisherman/fisherman_idle_01.png,runtime request or runtime registry,js/field/lind-fisherman-assets.js:4,878444d152d1d1c8110ba0d6652b10b4433f7e1b8a327a27167e608726195a3e,60.807180851063826,320,True,contact sheet: no obvious baked matte at thumbnail scale
True,72408,FIELD;NPC,282000,,PNG,235,RGBA,40.86382978723404,img/field/lind/npc/fisherman/fisherman_idle_02.png,runtime request or runtime registry,js/field/lind-fisherman-assets.js:13,1ea11b1d1c243f68d03fb44745fe1728fce4d78db8eb240b5a9b5b3306ebf83b,59.05815602836879,300,True,contact sheet: no obvious baked matte at thumbnail scale
True,73343,FIELD;NPC,286700,,PNG,235,RGBA,40.36832926403907,img/field/lind/npc/fisherman/fisherman_idle_03.png,runtime request or runtime registry,js/field/lind-fisherman-assets.js:22,4a2a24e02fd0dd17eb138a94c1be32036e57491597808034e3a665eb5d4afb71,59.542378793163586,305,True,contact sheet: no obvious baked matte at thumbnail scale
True,67920,FIELD;NPC,259200,,PNG,270,RGBA,42.16203703703704,img/field/lind/npc/fisherman/fisherman_inspect_01.png,runtime request or runtime registry,js/field/lind-fisherman-assets.js:67,add021030ad61e8f7f74668bfdc9dae164578848e5a6aa882110f560fe8a67a9,57.76388888888889,240,True,contact sheet: no obvious baked matte at thumbnail scale
True,70728,FIELD;NPC,293760,,PNG,270,RGBA,38.2979302832244,img/field/lind/npc/fisherman/fisherman_inspect_02.png,runtime request or runtime registry,js/field/lind-fisherman-assets.js:76,6276f73ae50f861797fcc91e1b36934e1a98e462ccb564477a4e00aa89de7a57,61.632625272331154,272,True,contact sheet: no obvious baked matte at thumbnail scale
True,64230,FIELD;NPC,188340,,PNG,219,RGBA,54.42497610704046,img/field/lind/npc/fisherman/fisherman_inspect_03.png,runtime request or runtime registry,js/field/lind-fisherman-assets.js:85,14cfca5ff4ba215f1074918eb3cc1ae34fc245fdec055d1132f5ff46fb14564c,45.54104279494531,215,True,contact sheet: no obvious baked matte at thumbnail scale
True,74499,FIELD;NPC,223380,,PNG,219,RGBA,52.19983883964545,img/field/lind/npc/fisherman/fisherman_inspect_04.png,runtime request or runtime registry,js/field/lind-fisherman-assets.js:94,15847aa9c7a945a082c743447d00b3384754faddd51d96a4914b4f517d9f6c75,47.71958098307817,255,True,contact sheet: no obvious baked matte at thumbnail scale
True,81361,FIELD;NPC,313200,,PNG,270,RGBA,42.771392081736906,img/field/lind/npc/fisherman/fisherman_reel_01.png,runtime request or runtime registry,js/field/lind-fisherman-assets.js:40,bc8a28e8b6e2a674abaf09b66bbdf318a883d03f36855ee98cf2fc50db70cadd,57.17241379310345,290,True,contact sheet: no obvious baked matte at thumbnail scale
True,81957,FIELD;NPC,291600,,PNG,270,RGBA,43.94924554183813,img/field/lind/npc/fisherman/fisherman_reel_02.png,runtime request or runtime registry,js/field/lind-fisherman-assets.js:49,07ad955772aa1cadf8a48368e80b73d73408a9258b4a806629dad7664b257056,56.00548696844994,270,True,contact sheet: no obvious baked matte at thumbnail scale
True,70887,FIELD;NPC,219000,,PNG,219,RGBA,50.99908675799087,img/field/lind/npc/fisherman/fisherman_reset_01.png,runtime request or runtime registry,js/field/lind-fisherman-assets.js:103,06b5185d8a5fd8038135b6e234ee362fbc1d58314d7f21f9d1d32d8952c4e114,48.964383561643835,250,True,contact sheet: no obvious baked matte at thumbnail scale
True,761609,FIELD;NPC,6289752,,PNG,1218,RGBA,17.71522947168664,img/field/lind/npc/villagers/boy_idle.png,runtime request or runtime registry,,703160bf7c623d852c90ff4f1106e65cd90defeca8f2bfaf946e4fbfea164988,82.26124018880235,1291,True,contact sheet: no obvious baked matte at thumbnail scale
True,1079798,FIELD;NPC,6294792,,PNG,1246,RGBA,25.893977116320922,img/field/lind/npc/villagers/caretaker_idle.png,runtime request or runtime registry,,cf11ea9d7d4fd5454e8f19c8ae5da688ae9c8543b4822bc260c5dc5c27587e37,74.07062854499402,1263,True,contact sheet: no obvious baked matte at thumbnail scale
True,1339204,FIELD;NPC,6291360,,PNG,1285,RGBA,31.886460161236997,img/field/lind/npc/villagers/elder_man_idle.png,runtime request or runtime registry,,adf74a57939abfcaadfc4999797ce8e07ab22ff15ec5a6263a6f8a7228c62c37,68.0895068792757,1224,True,contact sheet: no obvious baked matte at thumbnail scale
True,1093871,FIELD;NPC,6287760,,PNG,1278,RGBA,28.78958484420525,img/field/lind/npc/villagers/elder_woman_idle.png,runtime request or runtime registry,,9c960b63a21227c9964a763287aecb89540c65f9cc2d464b9016653048d0911e,71.16753820120361,1230,True,contact sheet: no obvious baked matte at thumbnail scale
True,1134559,FIELD;NPC,6288640,,PNG,1156,RGBA,25.57271524526766,img/field/lind/npc/villagers/farmer_female_idle.png,runtime request or runtime registry,,11705b24af735373d7a23df3f3cbde7a79523811e08bb6c0dd1c2c9368d16cd5,74.4045771422756,1360,True,contact sheet: no obvious baked matte at thumbnail scale
True,950647,FIELD;NPC,6290136,,PNG,1142,RGBA,23.469063308011144,img/field/lind/npc/villagers/farmer_male_idle.png,runtime request or runtime registry,,db59742884619a91c628352c6c56f8255930ff4b214ce150a213d16552a8f5ec,76.48438761896405,1377,True,contact sheet: no obvious baked matte at thumbnail scale
True,881841,FIELD;NPC,6290136,,PNG,1142,RGBA,22.167342645691605,img/field/lind/npc/villagers/farmer_male_walk.png,runtime request or runtime registry,,adcdf09e9da01ffeec0f43d3beb11afa1dc9ef359b3b6d31eba9c5402191e2bf,77.74617273775957,1377,True,contact sheet: no obvious baked matte at thumbnail scale
True,1105403,FIELD;NPC,6288480,,PNG,1191,RGBA,27.010915197313185,img/field/lind/npc/villagers/fisherman_idle.png,runtime request or runtime registry,,6552a9bdccb78db68d67468e0f332b835d5d4881fd08991fb135b6f12861a09f,72.96071546701269,1320,True,contact sheet: no obvious baked matte at thumbnail scale
True,950399,FIELD;NPC,6288300,,PNG,1233,RGBA,22.44434902914937,img/field/lind/npc/villagers/girl_idle.png,runtime request or runtime registry,,29db97429790af0d357c732c7eab627d6d83f93673ae658d91a20131b8e5d8c6,77.53955759108186,1275,True,contact sheet: no obvious baked matte at thumbnail scale
True,1178586,FIELD;NPC,6287856,,PNG,1212,RGBA,29.172741869406675,img/field/lind/npc/villagers/innkeeper_idle.png,runtime request or runtime registry,,6a09ae7dc6f954f109ffbab799016872964162b93b7a04eb6696b60fb75e2be6,70.81033662348501,1297,True,contact sheet: no obvious baked matte at thumbnail scale
True,1189479,FIELD;NPC,6292720,,PNG,1190,RGBA,29.19843883090301,img/field/lind/npc/villagers/merchant_idle.png,runtime request or runtime registry,,11d38bbb73772ff16c4cb4624a7afe19369d1496d7ed58a52d47b781f47e6fff,70.79221703810117,1322,True,contact sheet: no obvious baked matte at thumbnail scale
True,795420,FIELD;NPC,6292704,,PNG,1212,RGBA,19.81208714091748,img/field/lind/npc/villagers/young_man_idle.png,runtime request or runtime registry,,a3f0bfe2faed74430384f455933e27ff3ff2a118c8da02e2ee2c6f1213ddddcc,80.17545398607658,1298,True,contact sheet: no obvious baked matte at thumbnail scale
True,904675,FIELD;NPC,6290884,,PNG,1207,RGBA,23.0733868244908,img/field/lind/npc/villagers/young_woman_idle.png,runtime request or runtime registry,,9521b92c5190199f58a102611d6a834463b73a6b0d2d1b8a41bd8f5a19fc81ed,76.91179808751838,1303,True,contact sheet: no obvious baked matte at thumbnail scale
True,1488669,FIELD,6291456,,PNG,1024,RGBA,31.58702850341797,img/field/lind/props/lind_barrel.png,runtime request or runtime registry,,a5635d5dd11c9e91a5e0b6e11c1589ad5e1e4f1371368472f25e2e524ef7e368,68.41297149658203,1536,True,contact sheet: no obvious baked matte at thumbnail scale
True,1310688,FIELD,6291456,,PNG,1024,RGBA,27.02020009358724,img/field/lind/props/lind_crate.png,runtime request or runtime registry,,706f0f54657afe70c1d738188cc705a8bb87df970297eac148b66bb4e0c6a427,72.97979990641275,1536,True,contact sheet: no obvious baked matte at thumbnail scale
True,1521422,FIELD,6291456,,PNG,1024,RGBA,34.25706227620442,img/field/lind/props/lind_feed_sack.png,runtime request or runtime registry,,6d2023e4e05a4a5b5140ad8a68a298fa3a21a837d30449d82aeeb6e600d37c4b,65.74293772379556,1536,True,contact sheet: no obvious baked matte at thumbnail scale
True,1399653,FIELD,6291456,,PNG,1024,RGBA,26.494344075520832,img/field/lind/props/lind_fence.png,runtime request or runtime registry,,e557a1268fcaf079f5225ffd23d036a228481ac635dc220512e7fb9dccee449c,73.50565592447916,1536,True,contact sheet: no obvious baked matte at thumbnail scale
True,1607149,FIELD,6291456,,PNG,1024,RGBA,31.31898244222005,img/field/lind/props/lind_laundry.png,runtime request or runtime registry,,cc02f74f6a9677fca03a616e7b6f24dc28e8fe79a1601b7ed5f37ab5ca77c376,68.68101755777994,1536,True,contact sheet: no obvious baked matte at thumbnail scale
True,1093660,FIELD,6291456,,PNG,1024,RGBA,14.54010009765625,img/field/lind/props/lind_sign.png,runtime request or runtime registry,index.html:4,0041e847f0d80efbffa5ca0d9d290f2d953ce005218b55cb3e62a31c216337c1,85.45989990234375,1536,True,contact sheet: no obvious baked matte at thumbnail scale
True,1562906,FIELD,6291456,,PNG,1024,RGBA,35.33916473388672,img/field/lind/props/lind_water_bucket.png,runtime request or runtime registry,,1e7499f884b06e8608b8ab2bbcb2867c01525c23d9cad0578f0a304bbc5b64a8,64.66083526611328,1536,True,contact sheet: no obvious baked matte at thumbnail scale
True,1354910,FIELD,6294152,,PNG,887,RGBA,41.86705373495905,img/field/lind/river/lind_bridge.png,runtime request or runtime registry,,5cef31f7a5a0f6e6317552878dc3be18d2ecc135d5c58f5c6f542b7fb9eb358d,58.10784359831157,1774,True,contact sheet: no obvious baked matte at thumbnail scale
True,1297257,FIELD,6291456,,PNG,1024,RGBA,24.160830179850258,img/field/lind/river/lind_fish_basket.png,runtime request or runtime registry,,271f7cbfe06502b69214fdfad57b577f461664c32cfb705661b891fc353eccdc,75.83916982014975,1536,True,contact sheet: no obvious baked matte at thumbnail scale
True,1719230,FIELD,6291456,,PNG,1024,RGBA,28.860092163085938,img/field/lind/river/lind_fishing_pier.png,runtime request or runtime registry,,d263f1c1014d497a3a88e0edd45d4f59d6dbf8967b98c5c02e6018d8be493280,71.13990783691406,1536,True,contact sheet: no obvious baked matte at thumbnail scale
True,1187626,FIELD,6291456,,PNG,1024,RGBA,9.301058451334637,img/field/lind/river/lind_fishing_rod.png,runtime request or runtime registry,,f0e734cfe6abff87b62c858b13b478e0e2fd7ff913bb83f226ce8be8b01f30ec,90.69894154866537,1536,True,contact sheet: no obvious baked matte at thumbnail scale
True,1631554,FIELD,6291456,,PNG,1024,RGBA,29.72393035888672,img/field/lind/river/lind_reeds.png,runtime request or runtime registry,,8fd7068344dcea252db6559f074f7c19cb243a3c4c51eff248a9b905630a935d,70.27606964111328,1536,True,contact sheet: no obvious baked matte at thumbnail scale
True,1369243,FIELD,6291456,,PNG,1024,RGBA,26.02367401123047,img/field/lind/river/lind_river_rocks.png,runtime request or runtime registry,,f5c394598a509786c118be30a351a4625ab268a2f361e523e38921a565383e50,73.97632598876953,1536,True,contact sheet: no obvious baked matte at thumbnail scale
True,1815658,FIELD;TERRAIN,6291456,,PNG,1024,RGBA,32.24894205729167,img/field/lind/terrain/lind_cliff.png,runtime request or runtime registry,,a6e15797de7bbbfa618c0eef78a7d019a6194bed61bd330ee47db43793129877,67.75105794270834,1536,True,contact sheet: no obvious baked matte at thumbnail scale
False,2752136,FIELD;TERRAIN,6290064,bytes>2MiB,PNG,1254,RGB,0,img/field/lind/terrain/lind_dirt.png,runtime request or runtime registry,,46c1406179053a95e81c9798961582f5eb82ebfed28cdd6029cee6eb0cb38ad1,0,1254,True,opaque terrain tile: intentional
False,3031812,FIELD;TERRAIN,6290064,bytes>2MiB,PNG,1254,RGB,0,img/field/lind/terrain/lind_grass.png,runtime request or runtime registry,,1ca7666eb56a43a14143c47e85b2eb3082024b672912aa99b9156a6250b33e2c,0,1254,True,opaque terrain tile: intentional
False,2729367,FIELD;TERRAIN,6290064,bytes>2MiB,PNG,1254,RGB,0,img/field/lind/terrain/lind_grass_dirt_edge.png,runtime request or runtime registry,,f37a47a499a2761be26136999870cd9410253298bce967c3189e51b70d6abcc2,0,1254,True,opaque terrain tile: intentional
False,3199579,FIELD;TERRAIN,6291456,bytes>2MiB,PNG,1024,RGB,0,img/field/lind/terrain/lind_riverbank.png,runtime request or runtime registry,,a3366ec00c3a18044e585e15aa5685c3d01cb477440efcc280ec78b36b0d7615,0,1536,True,opaque terrain tile: intentional
False,3281456,FIELD;TERRAIN,6290064,bytes>2MiB,PNG,1254,RGB,0,img/field/lind/terrain/lind_stone.png,runtime request or runtime registry,,b337e68726127ee8d3a6e337b4caa92acddd11462277deae4a8761fc2f954f09,0,1254,True,opaque terrain tile: intentional
False,2275818,FIELD;TERRAIN,6290064,bytes>2MiB,PNG,1254,RGB,0,img/field/lind/terrain/lind_water.png,runtime request or runtime registry,,220752e562b05a57245889727a6b1dffbddc13726eb8960fd397d191a7408e2a,0,1254,True,opaque terrain tile: intentional
True,586926,FIELD,6292352,,PNG,1199,RGBA,18.83321212799284,img/field/lind/training/train_dummy.png,runtime request or runtime registry,,6ca34df35c1c52d41ddb678456790f1fecb90c95b2d5849a161c272c0e78ece3,81.1388174088163,1312,True,contact sheet: no obvious baked matte at thumbnail scale
True,1099548,FIELD,6291456,,PNG,1024,RGBA,13.777414957682291,img/field/lind/training/train_flag_green.png,runtime request or runtime registry,,aee91436b3fcc61a309fa130384bdea7ee938702e32deef4b18c3bb0b650d941,86.22258504231772,1536,True,contact sheet: no obvious baked matte at thumbnail scale
True,1600650,FIELD,6291456,,PNG,1024,RGBA,26.07746124267578,img/field/lind/training/train_gate.png,runtime request or runtime registry,,87bac61c472e1244498935228d6a6b3e30d2285d6ae7803edb97f04aaf10a152,73.92253875732422,1536,True,contact sheet: no obvious baked matte at thumbnail scale
True,2311650,FIELD,6291456,bytes>2MiB,PNG,1024,RGBA,53.94884745279948,img/field/lind/training/train_ground.png,runtime request or runtime registry,,3f88e0f7bcbc125f8721d6ffef70c2409aa129823dfd43dc323828faac19cd3c,46.051152547200516,1536,True,contact sheet: no obvious baked matte at thumbnail scale
True,1056848,FIELD,6291456,,PNG,1024,RGBA,11.908276875813801,img/field/lind/training/train_post.png,runtime request or runtime registry,,f2403e5543883c199f2a3c8db0b6e2b9e8e48298f6e80105973de198816c6916,88.09172312418619,1536,True,contact sheet: no obvious baked matte at thumbnail scale
True,1630440,FIELD,6291456,,PNG,1024,RGBA,33.328501383463546,img/field/lind/training/train_shed.png,runtime request or runtime registry,,3010edb6598dc683f0669d28a4a9bdd9b3829b6a96d4a454e384d43f820c22c0,66.67149861653647,1536,True,contact sheet: no obvious baked matte at thumbnail scale
True,1378639,FIELD,6291456,,PNG,1024,RGBA,21.516291300455727,img/field/lind/training/train_target.png,runtime request or runtime registry,,d67ca6c4eddc2eab164324ab23cc4a59af6e28ae40f5d1fd21a8ca5af6194fb3,78.48370869954428,1536,True,contact sheet: no obvious baked matte at thumbnail scale
True,1805222,FIELD,6291456,,PNG,1024,RGBA,36.89556121826172,img/field/lind/training/train_weapon_rack.png,runtime request or runtime registry,,fe072ec98ea21d4df6c1faf180df1ca895ac3521bb0e4d7edd45db7356a34cdd,63.10443878173828,1536,True,contact sheet: no obvious baked matte at thumbnail scale
